event_id,event_member_id,event_content,event_title,event_smilies,event_perms,event_saved,event_lastupdated,event_recurring,event_start_date,event_end_date,event_title_seo,event_rating_total,event_rating_hits,event_rating_avg,event_post_key,event_sequence
1,1,"[url=""https://en.wikipedia.org/wiki/Joseph_Goebbels""]Joseph Goebbels[/url]' Death Day<br />
<br />
[img]https://i.imgur.com/n9Zu4sT.jpg[/img]",Joseph Goebbels&#39; Death Day,FALSE,"6,10,5,13,3,7,4,1,2,4",2015-05-12T14:42:08Z,2016-03-17T15:47:08Z,3,2015-05-01T00:00:00Z,2015-05-01T00:00:00Z,joseph-goebbels-death-day,0,FALSE,0,aacd60ce6e003aec669ed9f6401ca441,TRUE
2,1,"[url=""https://en.wikipedia.org/wiki/Niccol%C3%B2_Machiavelli""]Niccolò Machiavelli[/url]'s Birthday<br />
<br />
[img]https://i.imgur.com/SBlgRwe.png[/img]",Niccolò Machiavelli&#39;s Birthday,FALSE,*,2015-05-12T14:44:50Z,2015-05-12T21:23:01Z,3,2015-05-03T00:00:00Z,2015-05-03T00:00:00Z,niccol%c3%b2-machiavellis-birthday,0,FALSE,0,662b0f769011d85e0e1b1982c362da87,TRUE
3,1,"[url=""https://en.wikipedia.org/wiki/Oswald_Spengler""]Oswald Spengler[/url]'s Death Day<br />
<br />
[img]https://i.imgur.com/PSUbjXz.jpg[/img]",Oswald Spengler&#39;s Death Day,FALSE,*,2015-05-12T14:45:42Z,2015-05-12T21:23:42Z,3,2015-05-08T00:00:00Z,2015-05-08T00:00:00Z,oswald-spenglers-death-day,0,FALSE,0,d04e9d76c5d379512d50ea0316395256,TRUE
4,1,"[url=""https://en.wikipedia.org/wiki/Oswald_Spengler""]Oswald Spengler[/url]'s Birthday<br />
<br />
[img]https://i.imgur.com/PSUbjXz.jpg[/img]",Oswald Spengler&#39;s Birthday,FALSE,*,2015-05-12T14:46:32Z,2015-05-12T21:24:32Z,3,2015-05-29T00:00:00Z,2015-05-29T00:00:00Z,oswald-spenglers-birthday,5,TRUE,5,5e3ec5c18ae7791cd9163b18cd6c6ae6,TRUE
5,1,"[url=""http://ironmarch.org/index.php?/topic/684-julius-evola/?p=90610""][b]Julius Evola's[/b][/url] Death Day<br />
<br />
[img]https://i.imgur.com/1tbbyOu.jpg[/img]",Julius Evola&#39;s Death Day,FALSE,*,2015-05-12T14:47:51Z,2015-05-12T15:26:41Z,3,2015-06-11T00:00:00Z,2015-06-11T00:00:00Z,julius-evolas-death-day,0,FALSE,0,d4af05102ff8296b669917df632fa175,TRUE
6,1,"Niccolò Machiavelli's Death Day<br />
<br />
[img]https://i.imgur.com/SBlgRwe.png[/img]",Niccolò Machiavelli&#39;s Death Day,FALSE,*,2015-05-12T14:48:44Z,2015-05-12T15:16:18Z,3,2015-06-21T00:00:00Z,2015-06-21T00:00:00Z,niccol%c3%b2-machiavellis-death-day,0,FALSE,0,286ed0e25df3c59fa39ae61f454d9320,TRUE
7,1,"[url=""http://ironmarch.org/index.php?/topic/4101-celebration-of-the-summer-solstice-in-the-3rd-reich""][b]Summer Solstice[/b][/url]<br />
<br />
[img]https://i.imgur.com/OrG4p7j.jpg[/img]",Summer Solstice,FALSE,*,2015-05-12T14:56:31Z,2015-05-12T15:07:14Z,3,2015-06-20T00:00:00Z,2015-06-21T00:00:00Z,summer-solstice,0,FALSE,0,a826ae1d1298dd701b568e110a7270ab,TRUE
8,1,"[url=""https://en.wikipedia.org/wiki/Martin_Bormann""]Martin Bormann[/url]'s Death Day<br />
<br />
[img]https://i.imgur.com/BCd43yn.jpg[/img]",Martin Bormann&#39;s Death Day,TRUE,*,2015-05-12T20:56:34Z,2015-05-12T21:22:15Z,3,2015-05-02T00:00:00Z,2015-05-02T00:00:00Z,martin-bormanns-death-day,0,FALSE,0,ebd41d4ef8644f5e70b122a9e14971d5,TRUE
9,1,"[url=""https://en.wikipedia.org/wiki/Fid%C3%A9l_P%C3%A1lffy""]Fidél Pálffy[/url]'s Birthday<br />
<br />
[img]https://i.imgur.com/0A8EyPB.jpg[/img]",Fidél Pálffy&#39;s Birthday,FALSE,*,2015-05-12T21:02:51Z,2015-05-12T21:02:51Z,3,2015-05-06T00:00:00Z,2015-05-06T00:00:00Z,fid%c3%a9l-p%c3%a1lffys-birthday,0,FALSE,0,228859c631bba62360e8ffc9720a547d,FALSE
10,1,"[url=""https://en.wikipedia.org/wiki/Baldur_von_Schirach""]Baldur von Schirach[/url]'s Birthday<br />
<br />
[img]https://i.imgur.com/cQjtdpx.jpg[/img]",Baldur von Schirach&#39;s Birthday,FALSE,*,2015-05-12T21:05:57Z,2015-05-12T21:05:57Z,3,2015-05-09T00:00:00Z,2015-05-09T00:00:00Z,baldur-von-schirachs-birthday,0,FALSE,0,0618975fd1a578a94c2cf64a6a0f6870,FALSE
11,1,"[url=""https://en.wikipedia.org/wiki/Per_Imerslund""]Per Imerslund[/url]'s Birthday<br />
<br />
[img]https://i.imgur.com/zThvnSW.jpg[/img]",Per Imerslund&#39;s Birthday,FALSE,*,2015-05-12T21:09:00Z,2015-05-12T21:09:00Z,3,2015-05-09T00:00:00Z,2015-05-09T00:00:00Z,per-imerslunds-birthday,0,FALSE,0,aec3e5918abf7a48563b8b894afbf992,FALSE
12,1,"[url=""https://en.wikipedia.org/wiki/Ernst_R%C3%BCdiger_Starhemberg""]Ernst Rüdiger Starhemberg[/url]'s Birthday<br />
<br />
[img]https://i.imgur.com/zXaAn69.jpg[/img]",Ernst Rüdiger Starhemberg&#39;s Birthday,FALSE,*,2015-05-12T21:13:01Z,2015-05-12T21:13:01Z,3,2015-05-10T00:00:00Z,2015-05-10T00:00:00Z,ernst-r%c3%bcdiger-starhembergs-birthday,0,FALSE,0,14bd7530dd86f6e481032b664dbacd8d,FALSE
13,1,"[url=""https://en.wikipedia.org/wiki/Fritz_Julius_Kuhn""]Fritz Julius Kuhn[/url]'s Birthday<br />
<br />
[img]https://i.imgur.com/makBdv8.jpg[/img]",Fritz Julius Kuhn&#39;s Birthday,FALSE,*,2015-05-12T21:16:06Z,2015-05-12T21:16:06Z,3,2015-05-15T00:00:00Z,2015-05-15T00:00:00Z,fritz-julius-kuhns-birthday,0,FALSE,0,4b05cab0b4a75136bd51e2548307b17b,FALSE
14,1,"[url=""http://ironmarch.org/index.php?/topic/684-julius-evola/?p=90610""][b]Julius Evola's[/b][/url][font=tahoma][size=3] Birthday[/size][/font]<br />
<br />
[font=tahoma][size=3][img]https://i.imgur.com/1tbbyOu.jpg[/img][/size][/font]",Julius Evola&#39;s Birthday,FALSE,*,2015-05-12T21:17:50Z,2015-05-12T21:17:50Z,3,2015-05-19T00:00:00Z,2015-05-19T00:00:00Z,julius-evolas-birthday,5,TRUE,5,cba6d022c85c9bdd2d7c0cc5a91cf04d,FALSE
15,1,"[url=""https://en.wikipedia.org/wiki/Heinrich_Himmler""]Heinrich Himmler[/url]'s Death Day<br />
<br />
[img]https://i.imgur.com/jEA8mgy.png[/img]",Heinrich Himmler&#39;s Death Day,FALSE,*,2015-05-12T21:21:17Z,2015-05-12T21:21:17Z,3,2015-05-23T00:00:00Z,2015-05-23T00:00:00Z,heinrich-himmlers-death-day,0,FALSE,0,76f676db81716f3b2e21dfe94ec61beb,FALSE
16,1,"[url=""https://en.wikipedia.org/wiki/Ernst_Niekisch""]Ernst Niekisch[/url]'s Birthday<br />
<br />
[img]https://i.imgur.com/NBQEzDZ.jpg[/img]",Ernst Niekisch&#39;s Birthday,FALSE,*,2015-05-12T21:26:56Z,2015-05-12T21:26:56Z,3,2015-05-23T00:00:00Z,2015-05-23T00:00:00Z,ernst-niekischs-birthday,0,FALSE,0,b147bef1180a503989f32a3bea5686dd,FALSE
17,1,"[url=""https://en.wikipedia.org/wiki/Horia_Sima""]Horia Sima[/url]'s Death Day<br />
<br />
[img]https://i.imgur.com/cGtiVYD.jpg[/img]",Horia Sima&#39;s Death Day,FALSE,*,2015-05-12T21:29:47Z,2015-05-12T21:29:47Z,3,2015-05-25T00:00:00Z,2015-05-25T00:00:00Z,horia-simas-death-day,0,FALSE,0,ae1b441157611a25da4aea3e9dc83dd1,FALSE
18,1,"[url=""https://en.wikipedia.org/wiki/Louis-Ferdinand_C%C3%A9line""]Louis-Ferdinand Céline[/url]'s Birthday<br />
<br />
[img]https://i.imgur.com/SyVI8la.jpg[/img]",Louis-Ferdinand Céline&#39;s Birthday,FALSE,*,2015-05-12T21:34:29Z,2015-05-12T21:34:29Z,3,2015-05-27T00:00:00Z,2015-05-27T00:00:00Z,louis-ferdinand-c%c3%a9lines-birthday,0,FALSE,0,ae9607c07c4883558a1e63d3e9ba40fa,FALSE
19,1,"[url=""https://en.wikipedia.org/wiki/Gregor_Strasser""]Gregor Strasser[/url]'s Birthday<br />
<br />
[img]https://i.imgur.com/5PpcuYd.jpg[/img]",Gregor Strasser&#39;s Birthday,FALSE,*,2015-05-12T21:37:14Z,2015-05-12T21:37:14Z,3,2015-05-31T00:00:00Z,2015-05-31T00:00:00Z,gregor-strassers-birthday,0,FALSE,0,f08e22fba5e4f02e448779b845017403,FALSE
20,1,"[url=""https://en.wikipedia.org/wiki/Fatherland_Front_(Austria)""]Fatherland Front[/url] founded<br />
<br />
[img]https://i.imgur.com/VF8v40E.jpg[/img]",Fatherland Front founded,FALSE,*,2015-05-12T21:41:02Z,2015-05-12T21:41:02Z,3,2015-05-20T00:00:00Z,2015-05-20T00:00:00Z,fatherland-front-founded,0,FALSE,0,8315394d225970d55c06960d5a6bb9aa,FALSE
21,1,"[url=""https://en.wikipedia.org/wiki/British_Union_of_Fascists""]BUF[/url] is banned<br />
<br />
[img]https://i.imgur.com/UpFEvex.jpg[/img]",BUF is banned,FALSE,*,2015-05-12T21:57:55Z,2015-05-12T21:58:03Z,3,2015-05-23T00:00:00Z,2015-05-23T00:00:00Z,buf-is-banned,0,FALSE,0,cff32ef18ebb169ed884e4837406d32f,TRUE
22,1,"[url=""http://ironmarch.org/index.php?/topic/3305-russian-fascism-%D1%80%D0%BE%D1%81%D1%81%D0%B8%D0%B9%D1%81%D0%BA%D0%B0%D1%8F-%D1%84%D0%B0%D1%88%D0%B8%D1%81%D1%82%D1%81%D0%BA%D0%B0%D1%8F-%D0%BF%D0%B0%D1%80%D1%82%D0%B8%D1%8F-rfp/""]Russian Fascist Party[/url] founded<br />
<br />
[img]https://i.imgur.com/Ucyq49A.png[/img]",Russian Fascist Party founded,FALSE,*,2015-05-12T22:00:41Z,2015-05-12T22:00:41Z,3,2015-05-26T00:00:00Z,2015-05-26T00:00:00Z,russian-fascist-party-founded,0,FALSE,0,620283db9da8f17b0ae77df4a2bf1c8c,FALSE
23,1,"[url=""https://en.wikipedia.org/wiki/Anton_Mussert""]Anton Mussert[/url]'s Death Day<br />
<br />
[img]https://i.imgur.com/ACxP6OX.jpg[/img]",Anton Mussert&#39;s Death Day,FALSE,*,2015-05-14T20:12:17Z,2015-05-14T20:12:17Z,3,2015-05-07T00:00:00Z,2015-05-07T00:00:00Z,anton-musserts-death-day,0,FALSE,0,b4a752133ba47a4be4dae60f9cac21bf,FALSE
24,1,"[url=""https://en.wikipedia.org/wiki/Anton_Mussert""]Anton Mussert[/url][font=tahoma][size=3]'s Birthday[/size][/font]<br />
<br />
[font=tahoma][size=3][img]https://i.imgur.com/ACxP6OX.jpg[/img][/size][/font]",Anton Mussert&#39;s Birthday,FALSE,*,2015-05-14T20:13:18Z,2015-05-14T20:13:18Z,3,2015-05-11T00:00:00Z,2015-05-11T00:00:00Z,anton-musserts-birthday,0,FALSE,0,ce860ee7ff8c0a22c6a8a1531c299ecf,FALSE
25,1,"[url=""https://en.wikipedia.org/wiki/Arnold_Meijer""]Arnold Meijer[/url]'s Birthday<br />
<br />
[img]https://i.imgur.com/hX0cCHo.jpg[/img]",Arnold Meijer&#39;s Birthday,FALSE,*,2015-05-14T20:17:45Z,2015-05-14T20:17:45Z,3,2015-05-05T00:00:00Z,2015-05-05T00:00:00Z,arnold-meijers-birthday,0,FALSE,0,3645f9e16cb1787d79c1c6b9fbf5fb16,FALSE
26,1,"[url=""https://en.wikipedia.org/wiki/Joris_Van_Severen""]Joris Van Severen[/url]'s Death Day<br />
<br />
[img]https://i.imgur.com/sVUCDf8.jpg[/img]",Joris Van Severen&#39;s Death Day,FALSE,*,2015-05-14T22:04:56Z,2015-05-14T22:04:56Z,3,2015-05-20T00:00:00Z,2015-05-20T00:00:00Z,joris-van-severens-death-day,0,FALSE,0,14953feea71d74182088e3c2a1f75f68,FALSE
27,1,"Saint [url=""https://en.wikipedia.org/wiki/Nikolaj_Velimirovi%C4%87""]Nikolaj Velimirović[/url] Canonized<br />
<br />
[img]https://i.imgur.com/meZk7Ul.jpg[/img]",Saint Nikolaj Velimirović Canonized,FALSE,*,2015-05-15T08:11:58Z,2015-05-15T08:11:58Z,3,2015-05-24T00:00:00Z,2015-05-24T00:00:00Z,saint-nikolaj-velimirovi%c4%87-canonized,5,TRUE,5,b132b3b14686170e01bdcc1e99154ce6,FALSE
28,1,"[url=""https://en.wikipedia.org/wiki/Jeffrey_Hamm""]Jeffrey Hamm[/url]'s Death Day<br />
<br />
[img]https://i.imgur.com/pRtmmG7.jpg[/img]",Jeffrey Hamm&#39;s Death Day,FALSE,*,2015-05-25T12:28:11Z,2015-05-25T12:28:11Z,3,2015-05-04T00:00:00Z,2015-05-04T00:00:00Z,jeffrey-hamms-death-day,0,FALSE,0,3b24755e9e539650f186256c1551571c,FALSE
29,1,"[url=""https://en.wikipedia.org/wiki/Alois_Hudal""]Alois Hudal[/url]'s Death Day<br />
<br />
[img]https://i.imgur.com/ylWy3mn.jpg[/img]",Alois Hudal&#39;s Death Day,FALSE,*,2015-05-30T16:32:45Z,2015-05-30T16:32:45Z,3,2015-05-13T00:00:00Z,2015-05-13T00:00:00Z,alois-hudals-death-day,0,FALSE,0,552fe9f07c0d5e3f0a31b77820d0720a,FALSE
30,1,"[url=""https://en.wikipedia.org/wiki/Alois_Hudal""]Alois Hudal[/url]'s Birthday<br />
<br />
[img]https://i.imgur.com/ylWy3mn.jpg[/img]",Alois Hudal&#39;s Birthday,FALSE,*,2015-05-30T16:33:40Z,2015-05-30T16:33:40Z,3,2015-05-31T00:00:00Z,2015-05-31T00:00:00Z,alois-hudals-birthday,0,FALSE,0,d12b8c4ed90868779133fd51b3f02eea,FALSE
31,1,"[url=""https://en.wikipedia.org/wiki/Martin_Bormann""]Martin Bormann[/url][font=tahoma][size=3]'s Death Day[/size][/font]<br />
<br />
[font=tahoma][size=3][img]https://i.imgur.com/BCd43yn.jpg[/img][/size][/font]",Martin Bormann&#39;s Birthday,FALSE,*,2015-06-09T18:26:05Z,2015-06-09T18:26:05Z,3,2015-06-17T00:00:00Z,2015-06-17T00:00:00Z,martin-bormanns-birthday,0,FALSE,0,8e5738ea08d8f71bbf7e66de6e67a84c,FALSE
32,1,"[url=""https://en.wikipedia.org/wiki/Wernher_von_Braun""]Wernher von Braun[/url]'s Death Day<br />
<br />
[img]https://i.imgur.com/RU0OwMk.jpg[/img]",Wernher von Braun&#39;s Death Day,FALSE,*,2015-06-09T18:32:25Z,2015-06-09T18:32:25Z,3,2015-06-16T00:00:00Z,2015-06-16T00:00:00Z,wernher-von-brauns-death-day,0,FALSE,0,07cbe4172af9256b9264cfd769a41f22,FALSE
33,1,"[url=""https://en.wikipedia.org/wiki/L%C3%A9on_Degrelle""]Léon Degrelle[/url]'s Birthday<br />
<br />
[img]https://i.imgur.com/bWXLvIa.jpg[/img]",Léon Degrelle&#39;s Birthday,FALSE,*,2015-06-09T18:36:51Z,2015-06-09T18:36:51Z,3,2015-06-15T00:00:00Z,2015-06-15T00:00:00Z,l%c3%a9on-degrelles-birthday,0,FALSE,0,b0a44a9ec90ad1ed79e8d8c7a6e31a42,FALSE
34,1,"[url=""https://en.wikipedia.org/wiki/Reinhard_Heydrich""]Reinhard Heydrich[/url]'s Dead Day<br />
<br />
[img]https://i.imgur.com/9IquG9o.jpg[/img]",Reinhard Heydrich&#39;s Dead Day,FALSE,*,2015-06-09T18:40:38Z,2015-06-09T18:40:38Z,3,2015-06-04T00:00:00Z,2015-06-04T00:00:00Z,reinhard-heydrichs-dead-day,0,FALSE,0,8d0667bf4555c2615d1fc806c35c9688,FALSE
35,1,"[url=""https://en.wikipedia.org/wiki/Night_of_the_Long_Knives_(1934)""]Night of the Long Knives[/url]<br />
<br />
[img]https://i.imgur.com/zdh3CRv.jpg[/img]",Night of the Long Knives,FALSE,*,2015-06-09T18:46:16Z,2015-06-09T18:46:16Z,3,2015-06-30T00:00:00Z,2015-06-30T00:00:00Z,night-of-the-long-knives,5,TRUE,5,a043e3e8b85ed9e1b1dd06e5717372c0,FALSE
36,1,"[url=""https://en.wikipedia.org/wiki/Ion_Antonescu""]Ion Antonescu[/url]'s Death Day<br />
<br />
[img]https://i.imgur.com/1eUvZdi.jpg[/img]",Ion Antonescu&#39;s Death Day,TRUE,*,2015-06-09T18:49:49Z,2015-06-09T18:49:49Z,3,2015-06-01T00:00:00Z,2015-06-01T00:00:00Z,ion-antonescus-death-day,0,FALSE,0,8cb65a92134c3812a58033014a3cf159,FALSE
37,1,"[url=""https://en.wikipedia.org/wiki/Ion_Antonescu""]Ion Antonescu[/url]'s Birthday<br />
<br />
[img]https://i.imgur.com/1eUvZdi.jpg[/img]",Ion Antonescu&#39;s Birthday,FALSE,*,2015-06-09T18:50:36Z,2015-06-09T18:50:36Z,3,2015-06-15T00:00:00Z,2015-06-15T00:00:00Z,ion-antonescus-birthday,0,FALSE,0,cbb0d740dd384be28a8ab63bc530c369,FALSE
38,1,"[url=""https://en.wikipedia.org/wiki/Kosta_Pe%C4%87anac""]Kosta Pećanac[/url]'s Death Day<br />
<br />
[img]https://i.imgur.com/QiAcYA3.jpg[/img]",Kosta Pećanac&#39;s Death Day,FALSE,*,2015-06-10T06:39:43Z,2015-06-10T06:39:43Z,3,2015-05-25T00:00:00Z,2015-06-25T00:00:00Z,kosta-pe%c4%87anacs-death-day,0,FALSE,0,997f5ec8de00d8fa415fa9d9d375a345,FALSE
39,7,"[url=""https://en.wikipedia.org/wiki/Latvian_Legion_Day""]Latvian Legion Day[/url]<br />
<br />
[img]http://upload.wikimedia.org/wikipedia/commons/0/0b/Bundesarchiv_Bild_183-J16133,_Lettland,_Appell_der_SS-Legion.jpg[/img]",Latvian Legion Day,TRUE,*,2015-06-13T23:30:29Z,2015-06-13T23:30:29Z,3,2015-03-16T00:00:00Z,2015-03-16T00:00:00Z,latvian-legion-day,0,FALSE,0,4e9013d583b3d6c7cb15d53e165215aa,FALSE
40,1,"[url=""https://en.wikipedia.org/wiki/Anton_Drexler""]Anton Drexler[/url]'s Birthday<br />
<br />
[img]https://i.imgur.com/KaVzeEx.jpg[/img]",Anton Drexler&#39;s Birthday,FALSE,*,2015-06-14T09:33:53Z,2015-06-14T09:33:53Z,3,2015-06-13T00:00:00Z,2015-06-13T00:00:00Z,anton-drexlers-birthday,0,FALSE,0,2976231520b9ee30b520a12f5d6ddd6c,FALSE
41,1,"[url=""https://en.wikipedia.org/wiki/Italo_Balbo""]Italo Balbo[/url]'s Birthday<br />
<br />
[img]https://i.imgur.com/VlaTQRz.png[/img]",Italo Balbo&#39;s Birthday,FALSE,*,2015-06-14T09:35:41Z,2015-06-14T09:35:41Z,3,2015-06-06T00:00:00Z,2015-06-06T00:00:00Z,italo-balbos-birthday,0,FALSE,0,c60cd557562246176df12bfc0ae5972c,FALSE
42,1,"[url=""https://en.wikipedia.org/wiki/Italo_Balbo""]Italo Balbo[/url][font=tahoma][size=3]'s Death Day[/size][/font]<br />
<br />
[font=tahoma][size=3][img]https://i.imgur.com/VlaTQRz.png[/img][/size][/font]<br />
<br />
One of the four [url=""https://en.wikipedia.org/wiki/Quadrumvirs""]Quadrumvirs[/url].<br />
<br />
[img]https://i.imgur.com/OvhJvmu.jpg[/img]",Italo Balbo&#39;s Death Day,FALSE,*,2015-06-14T09:36:22Z,2015-07-02T08:40:10Z,3,2015-06-28T00:00:00Z,2015-06-28T00:00:00Z,italo-balbos-death-day,0,FALSE,0,dc6913ff2de46b301b179cc3bb6c772e,TRUE
45,1,"[url=""https://en.wikipedia.org/wiki/Engelbert_Dollfuss""]Engelbert Dollfuss[/url]' Death Day<br />
<br />
[img]https://i.imgur.com/D8XGSGg.jpg[/img]",Engelbert Dollfuss&#39; Death Day,FALSE,*,2015-07-01T17:55:12Z,2015-07-01T17:55:12Z,3,2015-07-25T00:00:00Z,2015-07-25T00:00:00Z,engelbert-dollfuss-death-day,0,FALSE,0,d4108a3d85d1502e87cc18adb8926bf1,FALSE
46,1,"[url=""https://en.wikipedia.org/wiki/Benito_Mussolini""]Benito Mussolini's Birthday[/url]<br />
<br />
[img]https://i.imgur.com/hKeV4o6.jpg[/img]",Benito Mussolini&#39;s Birthday,FALSE,*,2015-07-01T17:57:20Z,2015-07-01T17:57:20Z,3,2015-07-29T00:00:00Z,2015-07-29T00:00:00Z,benito-mussolinis-birthday,0,FALSE,0,8f94f50398a592290ec47f7019a3633f,FALSE
47,1,"[url=""https://en.wikipedia.org/wiki/Azov_Battalion""]Azov Battalion[/url] Founded<br />
<br />
[img]https://i.imgur.com/eKiA4KW.jpg[/img]",Azov Battalion Founded,FALSE,*,2015-07-02T08:14:31Z,2015-07-02T08:14:31Z,3,2015-05-05T00:00:00Z,2015-05-05T00:00:00Z,azov-battalion-founded,0,FALSE,0,2ff3446be4215b9c01698333b5b71d61,FALSE
48,1,"[url=""https://en.wikipedia.org/wiki/Andriy_Biletsky_(politician)""]Andriy Biletsky[/url]'s Birthday<br />
<br />
[img]https://i.imgur.com/Vcflp1x.jpg[/img]",Andriy Biletsky&#39;s Birthday,FALSE,*,2015-07-02T08:19:20Z,2015-07-02T08:19:20Z,3,2015-11-27T00:00:00Z,2015-11-27T00:00:00Z,andriy-biletskys-birthday,0,FALSE,0,c2a4b0b5b9b137c94f2ef62018e839a4,FALSE
49,1,"[url=""https://en.wikipedia.org/wiki/Drago%C5%A1_Kalaji%C4%87""]Dragoš Kalajić[/url]'s Death Day<br />
<br />
[img]https://i.imgur.com/uIZh8EY.jpg[/img]",Dragoš Kalajić&#39;s Death Day,FALSE,*,2015-07-02T08:24:01Z,2015-07-02T08:24:01Z,3,2015-07-22T00:00:00Z,2015-07-22T00:00:00Z,drago%c5%a1-kalaji%c4%87s-death-day,0,FALSE,0,5065a7a2de782ed8282e5cf745611f35,FALSE
50,1,"[url=""https://en.wikipedia.org/wiki/Kosta_Mu%C5%A1icki""]Kosta Mušicki[/url]'s Death Day<br />
<br />
[img]https://i.imgur.com/JaIedDT.jpg[/img]",Kosta Mušicki&#39;s Death Day,FALSE,*,2015-07-02T08:26:44Z,2015-07-02T08:26:44Z,3,2015-07-17T00:00:00Z,2015-07-17T00:00:00Z,kosta-mu%c5%a1ickis-death-day,0,FALSE,0,9e29553ecbf4d1e5859cd84cfe0561fd,FALSE
51,1,"[url=""https://en.wikipedia.org/wiki/Cesare_Maria_De_Vecchi""]Cesare Maria De Vecchi[/url]'s Death Day<br />
<br />
[img]https://i.imgur.com/rT26PuG.png[/img]<br />
<br />
One of the four [url=""https://en.wikipedia.org/wiki/Quadrumvirs""]Quadrumvirs[/url].<br />
<br />
[img]https://i.imgur.com/OvhJvmu.jpg[/img]",Cesare Maria De Vecchi&#39;s Death Day,FALSE,*,2015-07-02T08:39:37Z,2015-07-02T08:39:37Z,3,2015-06-23T00:00:00Z,2015-06-23T00:00:00Z,cesare-maria-de-vecchis-death-day,0,FALSE,0,5c3aad485457222cc3e3a715a276e744,FALSE
52,1,"[url=""https://en.wikipedia.org/wiki/Michele_Bianchi""]Michele Bianchi[/url]'s Birthday<br />
<br />
[img]https://i.imgur.com/PZiUmHT.jpg[/img]<br />
<br />
One of the four [url=""https://en.wikipedia.org/wiki/Quadrumvirs""]Quadrumvirs[/url].<br />
<br />
[img]https://i.imgur.com/OvhJvmu.jpg[/img]",Michele Bianchi&#39;s Birthday,FALSE,*,2015-07-02T08:41:48Z,2015-07-02T08:41:48Z,3,2015-07-22T00:00:00Z,2015-07-22T00:00:00Z,michele-bianchis-birthday,0,FALSE,0,ee4476092e4e00756d2249e7af8971d8,FALSE
53,1,"[url=""https://en.wikipedia.org/wiki/Government_of_National_Salvation""]Government of National Salvation[/url] (Serbia) Founded<br />
<br />
[img]https://i.imgur.com/nNOUddD.png[/img]",Government of National Salvation (Serbia) Founded,FALSE,*,2015-09-12T21:38:47Z,2015-09-12T21:38:47Z,3,2015-08-29T00:00:00Z,2015-08-29T00:00:00Z,government-of-national-salvation-serbia-founded,0,FALSE,0,8f6dc0d3caa20e89913a4b862d352dec,FALSE
54,1,"[url=""https://en.wikipedia.org/wiki/Dimitrije_Ljoti%C4%87""]Dimitrije Ljotić[/url]'s Birthday<br />
<br />
[img]https://i.imgur.com/nAg3GHt.jpg[/img]",Dimitrije Ljotić&#39;s Birthday,FALSE,*,2015-09-12T21:41:07Z,2015-09-12T21:41:07Z,3,2015-08-12T00:00:00Z,2015-08-12T00:00:00Z,dimitrije-ljoti%c4%87s-birthday,0,FALSE,0,8aec5fb456abfd7587276e58a2372803,FALSE
55,1,"[url=""https://en.wikipedia.org/wiki/4th_of_August_Regime""]4th of August Regime[/url] (Greece) Founded<br />
<br />
[img]https://i.imgur.com/dK5vYvv.jpg[/img]",4th of August Regime (Greece) Founded,FALSE,*,2015-09-12T21:45:30Z,2015-09-12T21:45:42Z,3,2015-08-04T00:00:00Z,2015-08-04T00:00:00Z,4th-of-august-regime-greece-founded,0,FALSE,0,31b7688ff8dae39fae717611cbf3fa62,TRUE
56,1,"[url=""https://en.wikipedia.org/wiki/Ian_Stuart_Donaldson""]Ian Stuart Donaldson[/url]'s Birthday<br />
<br />
[img]https://i.imgur.com/r5BJ2R0.jpg[/img]",Ian Stuart Donaldson&#39;s Birthday,FALSE,*,2015-09-12T21:49:26Z,2015-09-12T21:49:26Z,3,2015-08-11T00:00:00Z,2015-08-11T00:00:00Z,ian-stuart-donaldsons-birthday,0,FALSE,0,88e1f1892bd565c634cfb49909a64f48,FALSE
57,1,"[url=""https://en.wikipedia.org/wiki/Joseph_Tommasi""]Joseph Tommasi[/url]'s Death Day<br />
<br />
[img]https://i.imgur.com/rrKniSx.jpg[/img]",Joseph Tommasi&#39;s Death Day,FALSE,*,2015-09-12T21:51:15Z,2015-09-12T21:51:15Z,3,2015-08-15T00:00:00Z,2015-08-15T00:00:00Z,joseph-tommasis-death-day,0,FALSE,0,42d83351d2a32607870b5297af3cea8d,FALSE
58,1,"[url=""https://en.wikipedia.org/wiki/Rudolf_Hess""]Rudolph Hess[/url]' Death Date<br />
<br />
[img]https://i.imgur.com/1HUGNGW.jpg[/img]",Rudolph Hess&#39; Death Date,FALSE,*,2015-09-12T21:53:13Z,2015-09-12T21:53:13Z,3,2015-08-17T00:00:00Z,2015-08-17T00:00:00Z,rudolph-hess-death-date,0,FALSE,0,9b1dfe42da765dca3bd7dd7015ad41f7,FALSE
59,1,"[url=""https://en.wikipedia.org/wiki/George_Lincoln_Rockwell""]George Lincoln Rockwell[/url]'s Death Day<br />
<br />
[img]https://i.imgur.com/fwWZvDO.jpg[/img]",George Lincoln Rockwell&#39;s Death Day,FALSE,*,2015-09-12T21:57:53Z,2015-09-12T21:57:53Z,3,2015-08-25T00:00:00Z,2015-08-25T00:00:00Z,george-lincoln-rockwells-death-day,0,FALSE,0,a5d42bf794bfffcfc9151e1282ad71f4,FALSE
60,1,"[url=""https://en.wikipedia.org/wiki/Otto_Strasser""]Otto Strasser[/url]'s Death Day<br />
<br />
[img]https://i.imgur.com/J77eYgK.gif[/img]",Otto Strasser&#39;s Death Day,FALSE,*,2015-09-12T22:01:07Z,2015-09-12T22:01:07Z,3,2015-08-27T00:00:00Z,2015-08-27T00:00:00Z,otto-strassers-death-day,0,FALSE,0,731dc61575b9ee4b5f0255ed4c82f6a5,FALSE
61,1,"[url=""https://en.wikipedia.org/wiki/Huey_Long""]Huey Pierce Long[/url]'s Birthday<br />
<br />
[img]https://i.imgur.com/cJo7C4a.jpg[/img]",Huey Pierce Long&#39;s Birthday,FALSE,*,2015-09-12T22:03:39Z,2015-09-12T22:03:39Z,3,2015-08-30T00:00:00Z,2015-08-30T00:00:00Z,huey-pierce-longs-birthday,0,FALSE,0,f49ad70641d30badbe634dd93908dbad,FALSE
62,1,"[url=""https://en.wikipedia.org/wiki/Otto_Strasser""]Otto Strasser[/url][font=tahoma][size=3]'s Birthday[/size][/font]<br />
<br />
[font=tahoma][size=3][img]https://i.imgur.com/J77eYgK.gif[/img][/size][/font]",Otto Strasser&#39;s Birthday,FALSE,*,2015-09-12T22:04:58Z,2015-09-12T22:06:33Z,3,2015-09-10T00:00:00Z,2015-09-10T00:00:00Z,otto-strassers-birthday,0,FALSE,0,256b99e5991e15442b9b7f4baf021f6e,TRUE
63,1,"[url=""https://en.wikipedia.org/wiki/Huey_Long""]Huey Pierce Long[/url][font=tahoma][size=3]'s Death Day[/size][/font]<br />
<br />
[font=tahoma][size=3][img]https://i.imgur.com/cJo7C4a.jpg[/img][/size][/font]",Huey Pierce Long&#39;s Death Day,FALSE,*,2015-09-12T22:06:13Z,2015-09-12T22:06:13Z,3,2015-09-10T00:00:00Z,2015-09-10T00:00:00Z,huey-pierce-longs-death-day,0,FALSE,0,4bb0eb1481479251be44609d4672c392,FALSE
64,1,"[url=""https://en.wikipedia.org/wiki/Corneliu_Zelea_Codreanu""]Corneliu Zelea Codreanu[/url]'s Birthday<br />
<br />
[img]https://i.imgur.com/uP7ay1N.jpg[/img]",Corneliu Zelea Codreanu&#39;s Birthday,FALSE,*,2015-09-12T22:10:10Z,2015-09-12T22:10:10Z,3,2015-09-13T00:00:00Z,2015-09-13T00:00:00Z,corneliu-zelea-codreanus-birthday,0,FALSE,0,5932bd621896cafa413cc28b1e2a8aa6,FALSE
65,1,"IronMarch Founded<br />
<br />
[img]https://i.imgur.com/IBFCYOW.png[/img]",IronMarch Founded,FALSE,*,2015-09-12T22:13:31Z,2015-09-12T22:13:31Z,3,2015-09-13T00:00:00Z,2015-09-13T00:00:00Z,ironmarch-founded,0,FALSE,0,68a39dd16169245ee88a4db2a43a51b6,FALSE
66,1,"[url=""https://en.wikipedia.org/wiki/Nikolay_Vasilyevich_Ustryalov""]Nikolay Vasilyevich Ustryalov[/url]'s Death Day<br />
<br />
[img]https://i.imgur.com/s4xB7x6.png[/img]",Nikolay Vasilyevich Ustryalov&#39;s Death Day,FALSE,*,2015-09-12T22:19:12Z,2015-09-12T22:19:12Z,3,2015-09-14T00:00:00Z,2015-09-14T00:00:00Z,nikolay-vasilyevich-ustryalovs-death-day,0,FALSE,0,b44dc995e67a5c5d274f39ff9177e76c,FALSE
67,1,"[url=""https://en.wikipedia.org/wiki/Milan_Nedi%C4%87""]Milan Nedić[/url][font=tahoma][size=3] Birthday[/size][/font]<br />
<br />
[font=tahoma][size=3][img]https://i.imgur.com/uO37e6k.jpg[/img][/size][/font]",Milan Nedić Birthday,FALSE,*,2015-09-12T22:21:21Z,2015-09-12T22:21:21Z,3,2015-09-02T00:00:00Z,2015-09-02T00:00:00Z,milan-nedi%c4%87-birthday,0,FALSE,0,9caf3f0453cad0670134a5b1d5b21a8c,FALSE
68,1,"[url=""https://en.wikipedia.org/wiki/Mom%C4%8Dilo_%C4%90uji%C4%87""]Momčilo Đujić[/url][font=tahoma][size=3] Death Day[/size][/font]<br />
<br />
[font=tahoma][size=3][img]https://i.imgur.com/HQnWuxK.jpg[/img][/size][/font]",Momčilo Đujić Death Day,FALSE,*,2015-09-12T22:23:49Z,2015-09-12T22:23:49Z,3,2015-09-11T00:00:00Z,2015-09-11T00:00:00Z,mom%c4%8dilo-%c4%91uji%c4%87-death-day,0,FALSE,0,f07d9773dc761b47a5e08d93d027ea9c,FALSE
69,1,"[size=3]<br />
[url=""https://en.wikipedia.org/wiki/Engelbert_Dollfuss""]Engelbert Dollfuss[/url]' Birthday<br />
<br />
[img]https://i.imgur.com/D8XGSGg.jpg[/img][/size]<br />
[list]<br />
[*][url=""http://ironmarch.org/index.php?/user/281-mongo/""]Mongo[/url] likes this<br />
[*]<br />
[*][url=""http://ironmarch.org/index.php?app=core&amp;module=global&amp;section=reputation&amp;do=add_rating&amp;app_rate=calendar&amp;type=event_id&amp;type_id=45&amp;rating=1&amp;secure_key=fc8e90b6f0ce0a7e0cb1370bfa49aba7&amp;post_return=45""]Like This[/url]<br />
[/list][list]<br />
[*]<br />
[/list]",Engelbert Dollfuss&#39; Birthday,FALSE,*,2015-10-09T08:50:18Z,2015-10-09T08:50:18Z,3,2015-10-03T00:00:00Z,2015-10-03T00:00:00Z,engelbert-dollfuss-birthday,0,FALSE,0,24c88e3bb5ffbadd0ea0760896506379,FALSE
70,1,"[url=""https://en.wikipedia.org/wiki/Friedrich_Nietzsche""]Friedrich Nietzsche[/url]'s Death day<br />
<br />
[img]https://i.imgur.com/ly60EsT.jpg[/img]",Friedrich Nietzsche&#39;s Death day,FALSE,*,2015-10-09T08:55:59Z,2015-10-09T08:55:59Z,3,2015-08-25T00:00:00Z,2015-08-25T00:00:00Z,friedrich-nietzsches-death-day,0,FALSE,0,11208b2d30d44e8d3788eeb5f91761d5,FALSE
71,1,"[url=""https://en.wikipedia.org/wiki/Friedrich_Nietzsche""]Friedrich Nietzsche[/url]'s Birthday<br />
<br />
[img]https://i.imgur.com/ly60EsT.jpg[/img]",Friedrich Nietzsche&#39;s Birthday,FALSE,*,2015-10-09T08:56:36Z,2015-10-09T08:56:36Z,3,2015-10-15T00:00:00Z,2015-10-15T00:00:00Z,friedrich-nietzsches-birthday,0,FALSE,0,e79f2466a01d28cd3703a7e5fce8d5fc,FALSE
72,1,"[url=""https://en.wikipedia.org/wiki/Eoin_O%27Duffy""]Eoin O'Duffy[/url]'s Birthday<br />
<br />
[img]https://i.imgur.com/ZuenFX9.png[/img]",Eoin O&#39;Duffy&#39;s Birthday,FALSE,*,2015-10-09T09:00:41Z,2015-10-09T09:00:41Z,3,2015-10-20T00:00:00Z,2015-10-20T00:00:00Z,eoin-oduffys-birthday,0,FALSE,0,33c1e1c72a45bf19242fa4749a6a8f48,FALSE
73,1,"[url=""https://en.wikipedia.org/wiki/Charles_Coughlin""]Father Charles Coughlin[/url]'s Birthday<br />
<br />
[img]https://i.imgur.com/g5n1Dn5.jpg[/img]",Father Charles Coughlin&#39;s Birthday,FALSE,*,2015-10-09T09:03:20Z,2015-10-09T09:03:20Z,1,2015-10-25T00:00:00Z,2015-10-25T00:00:00Z,father-charles-coughlins-birthday,0,FALSE,0,5d72a5877e4a086da1049ac3339f13a6,FALSE
74,1,"[url=""https://en.wikipedia.org/wiki/Charles_Coughlin""]Father Charles Coughlin[/url][font=tahoma][size=3]'s Death day[/size][/font]<br />
<br />
[font=tahoma][size=3][img]https://i.imgur.com/g5n1Dn5.jpg[/img][/size][/font]",Father Charles Coughlin&#39;s Death day,FALSE,*,2015-10-09T09:03:57Z,2015-10-09T09:03:57Z,3,2015-10-27T00:00:00Z,2015-10-27T00:00:00Z,father-charles-coughlins-death-day,0,FALSE,0,67315c0e6aa696999fec9fe228da8f1b,FALSE
75,1,"[url=""https://en.wikipedia.org/wiki/Joseph_Goebbels""]Joseph Goebbels[/url][font=tahoma][size=3]' Birthday[/size][/font]<br />
<br />
[font=tahoma][size=3][img]https://i.imgur.com/n9Zu4sT.jpg[/img][/size][/font]",Joseph Goebbels&#39; Birthday,FALSE,*,2015-10-09T09:04:47Z,2015-10-09T09:04:47Z,3,2015-10-29T00:00:00Z,2015-10-29T00:00:00Z,joseph-goebbels-birthday,0,FALSE,0,b6feb55673e6e3d213e6a0ded7edc3ac,FALSE
76,1,"[url=""https://en.wikipedia.org/wiki/March_on_Rome""]March on Rome[/url]<br />
<br />
[img]https://i.imgur.com/VEujNqK.jpg[/img]<br />
<br />
[img]https://i.imgur.com/yzfPz3s.png[/img]",March on Rome,FALSE,*,2015-10-09T09:07:21Z,2015-10-09T09:07:21Z,3,2015-10-29T00:00:00Z,2015-10-29T00:00:00Z,march-on-rome,0,FALSE,0,b79d3ac51fbdaa2c7819aed1fbc8e4d1,FALSE
77,1,"[url=""https://en.wikipedia.org/wiki/Ezra_Pound""]Ezra Pound[/url]'s Birthday<br />
<br />
[img]https://i.imgur.com/y2XxLnG.jpg[/img]",Ezra Pound&#39;s Birthday,FALSE,*,2015-10-09T09:11:40Z,2015-10-09T09:11:40Z,3,2015-10-30T00:00:00Z,2015-10-30T00:00:00Z,ezra-pounds-birthday,0,FALSE,0,f9521aa2ff3972ab7b437869038d4ea7,FALSE
78,1,"[url=""https://en.wikipedia.org/wiki/Ezra_Pound""]Ezra Pound[/url][font=tahoma][size=3]'s Death day[/size][/font]<br />
<br />
[font=tahoma][size=3][img]https://i.imgur.com/y2XxLnG.jpg[/img][/size][/font]",Ezra Pound&#39;s Death day,FALSE,*,2015-10-09T09:13:23Z,2015-10-09T09:13:23Z,3,2015-11-01T00:00:00Z,2015-11-01T00:00:00Z,ezra-pounds-death-day,0,FALSE,0,aef4cfc3164e1313431cc560536e97cc,FALSE
79,1,"Formation of the [url=""https://en.wikipedia.org/wiki/Russian_Empire""]Russian Empire[/url]<br />
<br />
[img]https://i.imgur.com/lJeZzPR.jpg[/img]",Formation of the Russian Empire,FALSE,*,2015-10-09T09:18:20Z,2015-10-09T09:18:20Z,3,2015-11-02T00:00:00Z,2015-11-02T00:00:00Z,formation-of-the-russian-empire,1,TRUE,1,87d4a9ba98c37ae0833074c573772e72,FALSE
80,1,"[url=""https://en.wikipedia.org/wiki/Oswald_Mosley""]Sir Oswald Mosley[/url]'s Birthday<br />
<br />
[img]https://i.imgur.com/FMeQlpV.jpg[/img]",Sir Oswald Mosley&#39;s Birthday,FALSE,*,2015-10-09T09:21:24Z,2015-10-09T09:21:24Z,3,2015-11-16T00:00:00Z,2015-11-16T00:00:00Z,sir-oswald-mosleys-birthday,5,TRUE,5,e0e229aea14e925824fca3ed2ceebce4,FALSE
81,1,"[url=""https://en.wikipedia.org/wiki/Jos%C3%A9_Antonio_Primo_de_Rivera""]José Antonio Primo de Rivera[/url]'s Death day<br />
<br />
[img]https://i.imgur.com/AV92BdN.jpg[/img]",José Antonio Primo de Rivera&#39;s Death day,FALSE,*,2015-10-09T09:24:12Z,2015-10-09T09:24:12Z,3,2015-11-20T00:00:00Z,2015-11-20T00:00:00Z,jos%c3%a9-antonio-primo-de-riveras-death-day,0,FALSE,0,8a19859ae5ab3f855b0a1f3cacece261,FALSE
82,1,"[url=""https://en.wikipedia.org/wiki/Nikolay_Vasilyevich_Ustryalov""]Nikolay Vasilyevich Ustryalov[/url][font=tahoma][size=3]'s Birthday[/size][/font]<br />
<br />
[font=tahoma][size=3][img]https://i.imgur.com/s4xB7x6.png[/img][/size][/font]",Nikolay Vasilyevich Ustryalov&#39;s Birthday,FALSE,*,2015-10-09T09:34:12Z,2015-10-09T09:34:12Z,3,2015-11-25T00:00:00Z,2015-11-25T00:00:00Z,nikolay-vasilyevich-ustryalovs-birthday,1,TRUE,1,72c76a8214931f7d608f551a81bb8528,FALSE
83,1,"[url=""https://en.wikipedia.org/wiki/Corneliu_Zelea_Codreanu""]Corneliu Zelea Codreanu[/url][font=tahoma][size=3]'s Death day[/size][/font]<br />
<br />
[font=tahoma][size=3][img]https://i.imgur.com/uP7ay1N.jpg[/img][/size][/font]",Corneliu Zelea Codreanu&#39;s Death day,FALSE,*,2015-10-09T09:35:15Z,2015-10-09T09:35:15Z,3,2015-11-30T00:00:00Z,2015-11-30T00:00:00Z,corneliu-zelea-codreanus-death-day,0,FALSE,0,066e45cb55fd3d2a39910c197d7a9096,FALSE
84,1,"[url=""https://en.wikipedia.org/wiki/Eoin_O%27Duffy""]Eoin O'Duffy[/url][font=tahoma][size=3]'s Death day[/size][/font]<br />
<br />
[font=tahoma][size=3][img]https://i.imgur.com/ZuenFX9.png[/img][/size][/font]",Eoin O&#39;Duffy&#39;s Death day,FALSE,*,2015-10-09T09:35:57Z,2015-10-09T09:35:57Z,3,2015-11-30T00:00:00Z,2015-11-30T00:00:00Z,eoin-oduffys-death-day,0,FALSE,0,626798e2530ac76634c83f247cac3a2f,FALSE
85,1,"[url=""https://en.wikipedia.org/wiki/Gregorij_Ro%C5%BEman""]Gregorij Rožman[/url]'s Death Day<br />
<br />
[img]https://i.imgur.com/tTYj7Fm.jpg[/img]",Gregorij Rožman&#39;s Death Day,FALSE,*,2015-12-04T08:33:54Z,2015-12-04T08:33:54Z,3,2015-11-16T00:00:00Z,2015-11-16T00:00:00Z,gregorij-ro%c5%bemans-death-day,0,FALSE,0,3bd4dc5e62b874ef90eb524aabb83fba,FALSE
86,1,"Murder of Giorgos Fountoulis and Manos Kapelonis<br />
<br />
[img]https://i.imgur.com/6WqPNNH.jpg[/img]",Murder of Giorgos Fountoulis and Manos Kapelonis,FALSE,*,2015-12-04T08:37:04Z,2015-12-04T08:37:04Z,3,2015-11-01T00:00:00Z,2015-11-01T00:00:00Z,murder-of-giorgos-fountoulis-and-manos-kapelonis,0,FALSE,0,623bdbf3b0122f849beb4631d3b72fac,FALSE
87,1,"[url=""https://en.wikipedia.org/wiki/Beer_Hall_Putsch""][font=tahoma][size=3]Beer Hall Putsch[/size][/font][/url]<br />
<br />
[font=tahoma][size=3][img]https://i.imgur.com/plK6j9i.jpg[/img][/size][/font]",Beer Hall Putsch,FALSE,*,2015-12-04T08:39:13Z,2015-12-04T08:39:13Z,3,2015-11-08T00:00:00Z,2015-11-08T00:00:00Z,beer-hall-putsch,0,FALSE,0,567c2a9e837e8ae39aaa8932b3f313da,FALSE
88,1,"[url=""https://en.wikipedia.org/wiki/Rhodesia%27s_Unilateral_Declaration_of_Independence""]Rhodesian Independence Day[/url]<br />
<br />
[img]https://i.imgur.com/glLfYUG.jpg[/img]",Rhodesian Independence Day,FALSE,*,2015-12-04T08:44:48Z,2015-12-04T08:44:48Z,3,2015-11-11T00:00:00Z,2015-11-11T00:00:00Z,rhodesian-independence-day,0,FALSE,0,915e7cb25e5b6f993a68ecf1e998ac98,FALSE
89,1,"[url=""https://en.wikipedia.org/wiki/Bulgarian_National_Revival""]Bulgarian National Revival[/url] Day<br />
<br />
[img]https://i.imgur.com/tAAl9pq.jpg[/img]",Bulgarian National Revival Day,FALSE,*,2015-12-04T08:51:18Z,2015-12-04T08:51:18Z,1,2015-11-01T00:00:00Z,2015-11-01T00:00:00Z,bulgarian-national-revival-day,0,FALSE,0,2c2b3e08f68fe11e4fb4ade92dfca86b,FALSE
90,1,"[url=""https://en.wikipedia.org/wiki/Time_of_Troubles#Struggle_for_independence""]Civil Uprising of Minin and Pozharsky[/url]<br />
<br />
[img]https://i.imgur.com/70muFZ4.jpg[/img]",Civil Uprising of Minin and Pozharsky,FALSE,*,2015-12-04T08:58:02Z,2015-12-04T08:58:02Z,3,2015-11-04T00:00:00Z,2015-11-04T00:00:00Z,civil-uprising-of-minin-and-pozharsky,0,FALSE,0,d64eaf3f05263c868302f83918279e1a,FALSE
91,1,"[url=""https://en.wikipedia.org/wiki/Filippo_Tommaso_Marinetti""]Filippo Tommaso Marinetti[/url]'s Death Day<br />
<br />
[img]https://i.imgur.com/6Vbxo8O.jpg[/img]",Filippo Tommaso Marinetti&#39;s Death Day,FALSE,*,2015-12-04T09:07:31Z,2015-12-04T09:07:31Z,3,2015-12-02T00:00:00Z,2015-12-02T00:00:00Z,filippo-tommaso-marinettis-death-day,0,FALSE,0,68c6676f8bff03efa2250bf77922c722,FALSE
92,1,"[url=""https://en.wikipedia.org/wiki/Filippo_Tommaso_Marinetti""]Filippo Tommaso Marinetti[/url]'s Birthday<br />
<br />
[img]https://i.imgur.com/6Vbxo8O.jpg[/img]",Filippo Tommaso Marinetti&#39;s Birthday,FALSE,*,2015-12-04T09:08:35Z,2015-12-04T09:08:35Z,3,2015-12-22T00:00:00Z,2015-12-22T00:00:00Z,filippo-tommaso-marinettis-birthday,0,FALSE,0,cf07640a4cdc7e495ea7c4b06d48da9f,FALSE
93,1,"[url=""https://en.wikipedia.org/wiki/Oswald_Mosley""]Sir Oswald Mosley[/url][font=tahoma][size=3]'s Death Day[/size][/font]<br />
<br />
[font=tahoma][size=3][img]https://i.imgur.com/FMeQlpV.jpg[/img][/size][/font]",Sir Oswald Mosley&#39;s Death Day,FALSE,*,2015-12-04T09:09:49Z,2015-12-04T09:09:49Z,3,2015-12-03T00:00:00Z,2015-12-03T00:00:00Z,sir-oswald-mosleys-death-day,0,FALSE,0,9db7c49a8b0df78e4530f2492892a7a4,FALSE
94,1,"[url=""https://en.wikipedia.org/wiki/Pl%C3%ADnio_Salgado""]Plínio Salgado[/url]'s Death Day<br />
<br />
[img]https://i.imgur.com/Q0uaY0t.jpg[/img]",Plínio Salgado&#39;s Death Day,FALSE,*,2015-12-04T09:12:50Z,2015-12-04T09:12:50Z,3,2015-12-08T00:00:00Z,2015-12-08T00:00:00Z,pl%c3%adnio-salgados-death-day,0,FALSE,0,8a9f85df3aef510c07d552d66f0cf9eb,FALSE
95,1,"[url=""https://en.wikipedia.org/wiki/French_invasion_of_Russia""]Patriotic War of 1812[/url] Victory<br />
<br />
[img]https://i.imgur.com/aQQcGDV.jpg[/img]",Patriotic War of 1812 Victory,FALSE,*,2015-12-04T09:17:13Z,2015-12-04T09:17:13Z,3,2015-12-14T00:00:00Z,2015-12-14T00:00:00Z,patriotic-war-of-1812-victory,0,FALSE,0,188dda14f049b5f90fb16f0a97c7ba06,FALSE
96,1,"[url=""https://en.wikipedia.org/wiki/Ivan_Ilyin""]Ivan Alexandrovich Ilyin[/url]'s Death Day<br />
<br />
[img]https://i.imgur.com/MmzFMwk.jpg[/img]",Ivan Alexandrovich Ilyin&#39;s Death Day,FALSE,*,2015-12-04T09:22:27Z,2015-12-04T09:22:27Z,3,2015-12-21T00:00:00Z,2015-12-21T00:00:00Z,ivan-alexandrovich-ilyins-death-day,0,FALSE,0,03ef66d0f2183dc3811b0606370b758f,FALSE
97,1,"Merry Kikemas!<br />
<br />
[img]https://i.imgur.com/wdcgW9R.jpg[/img]",Merry Kikemas&#33;,TRUE,*,2015-12-04T09:27:37Z,2015-12-04T09:27:37Z,3,2015-12-25T00:00:00Z,2015-12-25T00:00:00Z,merry-kikemas,0,FALSE,0,5ed12b8117bea54fd1f7275c6a71bd1c,FALSE
98,1,"Race War New Year<br />
<br />
[img]https://i.imgur.com/bAuohfc.png[/img]",Race War New Year,FALSE,*,2015-12-04T09:31:54Z,2015-12-04T09:31:54Z,3,2016-01-01T00:00:00Z,2016-01-01T00:00:00Z,race-war-new-year,0,FALSE,0,23e223f119239fc3a98de4fbc05ca4e6,FALSE
99,1,"[url=""https://en.wikipedia.org/wiki/Independence_Day_(Finland)""]Finland Independence Day[/url]<br />
<br />
[img]https://i.imgur.com/67DThKP.jpg[/img]",Finland Independence Day,FALSE,*,2015-12-23T06:42:14Z,2015-12-23T06:42:14Z,3,2015-12-06T00:00:00Z,2015-12-06T00:00:00Z,finland-independence-day,0,FALSE,0,1b33f62ca06a255a898978600db888d3,FALSE
100,1,"[url=""https://en.wikipedia.org/wiki/Alexander_I_of_Yugoslavia""]Alexander I of Yugoslavia's Birthday[/url]<br />
<br />
[img]https://i.imgur.com/pKCvkEU.jpg[/img]",Alexander I of Yugoslavia&#39;s Birthday,TRUE,*,2015-12-23T06:45:14Z,2015-12-23T06:45:14Z,3,2015-12-16T00:00:00Z,2015-12-16T00:00:00Z,alexander-i-of-yugoslavias-birthday,0,FALSE,0,38481904320a504b58d9bf8648b4fadb,FALSE
101,1,"[url=""https://en.wikipedia.org/wiki/Vojin_Popovi%C4%87""]Vojin Popović's Birthday[/url]<br />
<br />
[img]https://i.imgur.com/BhBG25c.jpg[/img]",Vojin Popović&#39;s Birthday,FALSE,*,2015-12-23T06:47:27Z,2015-12-23T06:47:27Z,3,2015-12-09T00:00:00Z,2015-12-09T00:00:00Z,vojin-popovi%c4%87s-birthday,0,FALSE,0,cc8fa06723556348e8dee2659cce88b8,FALSE
102,1,"[url=""https://en.wikipedia.org/wiki/Nikola_Pa%C5%A1i%C4%87""]Nikola Pašić's Death Day[/url]<br />
<br />
[img]https://i.imgur.com/K5wKbtD.jpg[/img]",Nikola Pašić&#39;s Death Day,FALSE,*,2015-12-23T06:50:09Z,2015-12-23T06:50:09Z,3,2015-12-10T00:00:00Z,2015-12-10T00:00:00Z,nikola-pa%c5%a1i%c4%87s-death-day,0,FALSE,0,500cc690dbe09cd2bcf7a3552a45994b,FALSE
103,1,"[url=""https://en.wikipedia.org/wiki/Nikola_Pa%C5%A1i%C4%87""]Nikola Pašić's Birthday[/url]<br />
<br />
[img]https://i.imgur.com/K5wKbtD.jpg[/img]",Nikola Pašić&#39;s Birthday,FALSE,*,2015-12-23T06:51:28Z,2015-12-23T06:51:28Z,3,2015-12-18T00:00:00Z,2015-12-18T00:00:00Z,nikola-pa%c5%a1i%c4%87s-birthday,0,FALSE,0,abd287e4589e54949f2ffb090ed7e282,FALSE
104,1,"[url=""https://en.wikipedia.org/wiki/Matija_Nenadovi%C4%87""]Matija Nenadović's Death Day[/url]<br />
<br />
[img]https://i.imgur.com/pLchfcj.jpg[/img]",Matija Nenadović&#39;s Death Day,FALSE,*,2015-12-23T06:54:00Z,2015-12-23T06:54:00Z,3,2015-12-11T00:00:00Z,2015-12-11T00:00:00Z,matija-nenadovi%c4%87s-death-day,0,FALSE,0,e217631a8d16f0b3015727c09d46b410,FALSE
105,1,"[url=""https://en.wikipedia.org/wiki/Republic_of_Serbian_Krajina""]Republic of Serbian Krajina Formed[/url]<br />
<br />
[img]https://i.imgur.com/PVDkrH0.png[/img]",Republic of Serbian Krajina Formed,FALSE,*,2015-12-23T07:02:02Z,2015-12-23T07:02:02Z,3,2015-12-19T00:00:00Z,2015-12-19T00:00:00Z,republic-of-serbian-krajina-formed,0,FALSE,0,8b43f68d4a729f143c2d1e007f321c75,FALSE
106,1,"[url=""https://en.wikipedia.org/wiki/Battle_of_Kolubara""]Victory in the Battle of Kolubara[/url]<br />
<br />
[img]https://i.imgur.com/GUFZhjN.jpg[/img]",Victory in the Battle of Kolubara,FALSE,*,2015-12-23T07:08:06Z,2015-12-23T07:08:06Z,3,2015-12-16T00:00:00Z,2015-12-16T00:00:00Z,victory-in-the-battle-of-kolubara,0,FALSE,0,fb4f14a1433833938746d7e2ce14c0b5,FALSE
107,1,"[url=""https://en.wikipedia.org/wiki/Stefan_Du%C5%A1an""]Stefan Dušan's Death Day[/url]<br />
<br />
[img]https://i.imgur.com/BDH75jp.jpg[/img]",Stefan Dušan&#39;s Death Day,FALSE,*,2015-12-23T07:11:28Z,2015-12-23T07:11:28Z,3,2015-12-20T00:00:00Z,2015-12-20T00:00:00Z,stefan-du%c5%a1ans-death-day,0,FALSE,0,70b8cd2f78ad4c4cee247520d90e9371,FALSE
108,1,"[url=""https://en.wikipedia.org/wiki/Neboj%C5%A1a_M._Krsti%C4%87""]Nebojša M. Krstić's Death Day[/url]<br />
<br />
[img]https://i.imgur.com/7xUfsyj.jpg[/img]",Nebojša M. Krstić&#39;s Death Day,FALSE,*,2015-12-23T07:15:08Z,2015-12-23T07:15:08Z,3,2015-12-03T00:00:00Z,2015-12-03T00:00:00Z,neboj%c5%a1a-m-krsti%c4%87s-death-day,0,FALSE,0,a7ef7e1ef4d2b919d4bdb1ac80a128f3,FALSE
109,1,"[url=""https://en.wikipedia.org/wiki/Robert_Jay_Mathews""]Robert Jay Mathews's Death Day[/url]<br />
<br />
[img]https://i.imgur.com/gsLyfqP.jpg[/img]",Robert Jay Mathews&#39;s Death Day,FALSE,*,2015-12-23T07:17:39Z,2015-12-23T07:18:14Z,3,2015-12-08T00:00:00Z,2015-12-08T00:00:00Z,robert-jay-mathewss-death-day,0,FALSE,0,9d7e8ce20af9367f5c482949a8444eb3,TRUE
110,1,"[url=""https://en.wikipedia.org/wiki/Nikolaos_Michaloliakos""]Nikos Michaloliakos's Birthday[/url]<br />
<br />
[img]https://i.imgur.com/NzeHHaa.jpg[/img]",Nikos Michaloliakos&#39;s Birthday,FALSE,*,2015-12-23T07:21:53Z,2015-12-23T07:21:53Z,3,2015-12-16T00:00:00Z,2015-12-16T00:00:00Z,nikos-michaloliakoss-birthday,0,FALSE,0,36b7144aad71c9a877eae73ce6583dc7,FALSE
